"1","Switzerland","7.59","1.40","1.35","0.94","0.67","0.42","0.30","2.52","2015"
"2","Iceland","7.56","1.30","1.40","0.95","0.63","0.14","0.44","2.70","2015"
"3","Denmark","7.53","1.33","1.36","0.87","0.65","0.48","0.34","2.49","2015"
"4","Norway","7.52","1.46","1.33","0.89","0.67","0.37","0.35","2.47","2015"
"5","Canada","7.43","1.33","1.32","0.91","0.63","0.33","0.46","2.45","2015"
"6","Finland","7.41","1.29","1.32","0.89","0.64","0.41","0.23","2.62","2015"
"7","Netherlands","7.38","1.33","1.28","0.89","0.62","0.32","0.48","2.47","2015"
"8","Sweden","7.36","1.33","1.29","0.91","0.66","0.44","0.36","2.37","2015"
"9","New Zealand","7.29","1.25","1.32","0.91","0.64","0.43","0.48","2.26","2015"
"10","Australia","7.28","1.33","1.31","0.93","0.65","0.36","0.44","2.27","2015"
"11","Israel","7.28","1.23","1.22","0.91","0.41","0.08","0.33","3.09","2015"
"12","Costa Rica","7.23","0.96","1.24","0.86","0.63","0.11","0.25","3.18","2015"
"13","Austria","7.20","1.34","1.30","0.89","0.62","0.19","0.33","2.53","2015"
"14","Mexico","7.19","1.02","0.91","0.81","0.48","0.21","0.14","3.60","2015"
"15","United States","7.12","1.39","1.25","0.86","0.55","0.16","0.40","2.51","2015"
"16","Brazil","6.98","0.98","1.23","0.70","0.49","0.18","0.15","3.26","2015"
"17","Luxembourg","6.95","1.56","1.22","0.92","0.62","0.38","0.28","1.97","2015"
"18","Ireland","6.94","1.34","1.37","0.90","0.62","0.29","0.46","1.98","2015"
"19","Belgium","6.94","1.31","1.29","0.90","0.58","0.23","0.22","2.41","2015"
"20","United Arab Emirates","6.90","1.43","1.13","0.81","0.64","0.39","0.26","2.25","2015"
"21","United Kingdom","6.87","1.27","1.29","0.91","0.60","0.32","0.52","1.97","2015"
"22","Oman","6.85","1.36","1.08","0.76","0.63","0.33","0.22","2.47","2015"
"23","Venezuela","6.81","1.04","1.26","0.72","0.43","0.11","0.06","3.19","2015"
"24","Singapore","6.80","1.52","1.02","1.03","0.54","0.49","0.31","1.89","2015"
"25","Panama","6.79","1.06","1.20","0.80","0.54","0.09","0.24","2.85","2015"
"26","Germany","6.75","1.33","1.30","0.89","0.61","0.22","0.28","2.12","2015"
"27","Chile","6.67","1.11","1.12","0.86","0.44","0.13","0.33","2.68","2015"
"28","Qatar","6.61","1.69","1.08","0.80","0.64","0.52","0.33","1.56","2015"
"29","France","6.58","1.28","1.26","0.95","0.55","0.21","0.12","2.21","2015"
"30","Argentina","6.57","1.05","1.25","0.79","0.45","0.08","0.11","2.84","2015"
"31","Czech Republic","6.51","1.18","1.21","0.84","0.46","0.03","0.11","2.68","2015"
"32","Uruguay","6.49","1.06","1.21","0.81","0.60","0.25","0.23","2.32","2015"
"33","Colombia","6.48","0.92","1.24","0.69","0.53","0.05","0.18","2.86","2015"
"34","Thailand","6.46","0.97","1.27","0.74","0.56","0.03","0.58","2.32","2015"
"35","Saudi Arabia","6.41","1.40","1.08","0.72","0.31","0.33","0.14","2.44","2015"
"36","Spain","6.33","1.23","1.31","0.96","0.46","0.06","0.18","2.12","2015"
"37","Malta","6.30","1.21","1.30","0.89","0.60","0.14","0.52","1.65","2015"
"38","Taiwan","6.30","1.29","1.08","0.88","0.40","0.08","0.25","2.32","2015"
"39","Kuwait","6.30","1.55","1.17","0.72","0.55","0.26","0.16","1.88","2015"
"40","Suriname","6.27","1.00","0.97","0.61","0.60","0.14","0.17","2.79","2015"
"41","Trinidad and Tobago","6.17","1.21","1.18","0.61","0.56","0.01","0.32","2.27","2015"
"42","El Salvador","6.13","0.76","1.03","0.68","0.40","0.12","0.11","3.04","2015"
"43","Guatemala","6.12","0.75","1.04","0.64","0.58","0.09","0.27","2.74","2015"
"44","Uzbekistan","6.00","0.63","1.34","0.60","0.66","0.31","0.23","2.24","2015"
"45","Slovakia","6.00","1.17","1.27","0.79","0.32","0.03","0.17","2.25","2015"
"46","Japan","5.99","1.27","1.26","0.99","0.50","0.18","0.11","1.68","2015"
"47","South Korea","5.98","1.24","0.96","0.97","0.33","0.08","0.19","2.22","2015"
"48","Ecuador","5.98","0.86","1.00","0.79","0.49","0.18","0.12","2.54","2015"
"49","Bahrain","5.96","1.32","1.22","0.75","0.45","0.31","0.17","1.74","2015"
"50","Italy","5.95","1.25","1.20","0.95","0.26","0.03","0.23","2.03","2015"
"51","Bolivia","5.89","0.68","0.98","0.54","0.57","0.09","0.21","2.82","2015"
"52","Moldova","5.89","0.59","1.02","0.62","0.33","0.02","0.21","3.11","2015"
"53","Paraguay","5.88","0.76","1.30","0.66","0.54","0.08","0.34","2.19","2015"
"54","Kazakhstan","5.86","1.12","1.12","0.64","0.52","0.08","0.12","2.25","2015"
"55","Slovenia","5.85","1.18","1.27","0.87","0.61","0.04","0.25","1.62","2015"
"56","Lithuania","5.83","1.15","1.26","0.73","0.21","0.01","0.03","2.45","2015"
"57","Nicaragua","5.83","0.59","1.14","0.74","0.55","0.19","0.28","2.32","2015"
"58","Peru","5.82","0.90","0.97","0.73","0.41","0.06","0.15","2.59","2015"
"59","Belarus","5.81","1.03","1.23","0.74","0.38","0.19","0.11","2.13","2015"
"60","Poland","5.79","1.13","1.28","0.78","0.53","0.04","0.17","1.87","2015"
"61","Malaysia","5.77","1.12","1.07","0.72","0.53","0.11","0.33","1.89","2015"
"62","Croatia","5.76","1.08","0.80","0.79","0.26","0.02","0.05","2.75","2015"
"63","Libya","5.75","1.13","1.12","0.70","0.42","0.11","0.18","2.09","2015"
"64","Russia","5.72","1.14","1.24","0.67","0.37","0.03","0.00","2.27","2015"
"65","Jamaica","5.71","0.81","1.15","0.69","0.50","0.02","0.21","2.32","2015"
"66","North Cyprus","5.70","1.21","1.07","0.92","0.49","0.14","0.26","1.60","2015"
"67","Cyprus","5.69","1.21","0.89","0.92","0.41","0.06","0.31","1.89","2015"
"68","Algeria","5.61","0.94","1.08","0.62","0.29","0.17","0.08","2.43","2015"
"69","Kosovo","5.59","0.80","0.81","0.63","0.25","0.05","0.28","2.77","2015"
"70","Turkmenistan","5.55","0.96","1.23","0.54","0.48","0.31","0.17","1.87","2015"
"71","Mauritius","5.48","1.01","0.99","0.71","0.56","0.08","0.38","1.76","2015"
"72","Hong Kong","5.47","1.39","1.06","1.01","0.60","0.37","0.39","0.65","2015"
"73","Estonia","5.43","1.15","1.23","0.77","0.45","0.15","0.09","1.59","2015"
"74","Indonesia","5.40","0.83","1.09","0.64","0.47","0.00","0.52","1.86","2015"
"75","Vietnam","5.36","0.63","0.91","0.75","0.59","0.10","0.17","2.20","2015"
"76","Turkey","5.33","1.06","0.95","0.73","0.23","0.16","0.12","2.09","2015"
"77","Kyrgyzstan","5.29","0.47","1.15","0.65","0.43","0.04","0.30","2.23","2015"
"78","Nigeria","5.27","0.65","0.90","0.16","0.34","0.04","0.27","2.89","2015"
"79","Bhutan","5.25","0.77","1.10","0.57","0.53","0.15","0.48","1.64","2015"
"80","Azerbaijan","5.21","1.02","0.94","0.64","0.37","0.16","0.08","2.00","2015"
"81","Pakistan","5.19","0.60","0.41","0.51","0.12","0.10","0.34","3.11","2015"
"82","Jordan","5.19","0.90","1.05","0.70","0.41","0.14","0.11","1.88","2015"
"82","Montenegro","5.19","0.97","0.91","0.73","0.18","0.14","0.16","2.10","2015"
"84","China","5.14","0.89","0.95","0.82","0.52","0.03","0.08","1.86","2015"
"85","Zambia","5.13","0.47","0.92","0.30","0.49","0.12","0.20","2.63","2015"
"86","Romania","5.12","1.04","0.89","0.77","0.35","0.01","0.14","1.93","2015"
"87","Serbia","5.12","0.92","1.01","0.75","0.20","0.03","0.19","2.03","2015"
"88","Portugal","5.10","1.16","1.14","0.88","0.51","0.01","0.14","1.26","2015"
"89","Latvia","5.10","1.11","1.10","0.72","0.30","0.06","0.18","1.62","2015"
"90","Philippines","5.07","0.71","1.04","0.58","0.63","0.12","0.25","1.75","2015"
"91","Somaliland region","5.06","0.19","0.95","0.44","0.47","0.40","0.50","2.11","2015"
"92","Morocco","5.01","0.73","0.64","0.61","0.42","0.09","0.07","2.45","2015"
"93","Macedonia","5.01","0.92","1.00","0.74","0.33","0.05","0.22","1.74","2015"
"94","Mozambique","4.97","0.08","1.03","0.09","0.34","0.16","0.22","3.05","2015"
"95","Albania","4.96","0.88","0.80","0.81","0.36","0.06","0.14","1.90","2015"
"96","Bosnia and Herzegovina","4.95","0.83","0.92","0.79","0.09","0.00","0.25","2.06","2015"
"97","Lesotho","4.90","0.38","1.04","0.08","0.32","0.13","0.16","2.80","2015"
"98","Dominican Republic","4.89","0.90","1.17","0.67","0.58","0.14","0.22","1.21","2015"
"99","Laos","4.88","0.59","0.74","0.55","0.60","0.24","0.42","1.74","2015"
"100","Mongolia","4.87","0.83","1.30","0.60","0.44","0.03","0.33","1.35","2015"
"101","Swaziland","4.87","0.71","1.07","0.08","0.31","0.03","0.18","2.49","2015"
"102","Greece","4.86","1.15","0.93","0.88","0.08","0.01","0.00","1.80","2015"
"103","Lebanon","4.84","1.03","0.80","0.84","0.34","0.05","0.22","1.57","2015"
"104","Hungary","4.80","1.12","1.20","0.76","0.32","0.03","0.13","1.24","2015"
"105","Honduras","4.79","0.60","0.95","0.70","0.40","0.07","0.23","1.84","2015"
"106","Tajikistan","4.79","0.39","0.86","0.57","0.47","0.15","0.23","2.11","2015"
"107","Tunisia","4.74","0.88","0.60","0.74","0.26","0.06","0.06","2.12","2015"
"108","Palestinian Territories","4.72","0.60","0.93","0.66","0.24","0.13","0.11","2.04","2015"
"109","Bangladesh","4.69","0.40","0.43","0.60","0.41","0.13","0.21","2.52","2015"
"110","Iran","4.69","1.01","0.54","0.70","0.30","0.06","0.38","1.69","2015"
"111","Ukraine","4.68","0.80","1.20","0.67","0.25","0.03","0.15","1.57","2015"
"112","Iraq","4.68","0.99","0.82","0.60","0.00","0.14","0.18","1.95","2015"
"113","South Africa","4.64","0.92","1.18","0.28","0.33","0.09","0.12","1.72","2015"
"114","Ghana","4.63","0.55","0.68","0.40","0.42","0.04","0.23","2.31","2015"
"115","Zimbabwe","4.61","0.27","1.03","0.33","0.26","0.08","0.19","2.44","2015"
"116","Liberia","4.57","0.07","0.79","0.34","0.29","0.06","0.24","2.78","2015"
"117","India","4.57","0.64","0.38","0.52","0.40","0.08","0.26","2.28","2015"
"118","Sudan","4.55","0.52","1.01","0.37","0.10","0.15","0.19","2.21","2015"
"119","Haiti","4.52","0.27","0.74","0.39","0.24","0.17","0.46","2.24","2015"
"120","Congo (Kinshasa)","4.52","0.00","1.00","0.10","0.23","0.08","0.25","2.87","2015"
"121","Nepal","4.51","0.36","0.86","0.57","0.38","0.06","0.32","1.96","2015"
"122","Ethiopia","4.51","0.19","0.60","0.44","0.43","0.15","0.24","2.45","2015"
"123","Sierra Leone","4.51","0.33","0.96","0.00","0.41","0.09","0.21","2.51","2015"
"124","Mauritania","4.44","0.45","0.87","0.36","0.24","0.17","0.22","2.12","2015"
"125","Kenya","4.42","0.36","1.00","0.41","0.42","0.06","0.38","1.79","2015"
"126","Djibouti","4.37","0.44","0.59","0.36","0.46","0.28","0.18","2.05","2015"
"127","Armenia","4.35","0.77","0.78","0.73","0.20","0.04","0.08","1.76","2015"
"128","Botswana","4.33","0.99","1.10","0.05","0.49","0.12","0.10","1.46","2015"
"129","Myanmar","4.31","0.27","0.71","0.48","0.44","0.19","0.80","1.42","2015"
"130","Georgia","4.30","0.74","0.39","0.73","0.41","0.38","0.06","1.60","2015"
"131","Malawi","4.29","0.02","0.41","0.23","0.43","0.07","0.33","2.81","2015"
"132","Sri Lanka","4.27","0.84","1.02","0.71","0.54","0.09","0.41","0.67","2015"
"133","Cameroon","4.25","0.42","0.89","0.23","0.49","0.06","0.21","1.95","2015"
"134","Bulgaria","4.22","1.01","1.11","0.77","0.31","0.01","0.12","0.90","2015"
"135","Egypt","4.19","0.88","0.75","0.62","0.17","0.06","0.11","1.60","2015"
"136","Yemen","4.08","0.55","0.68","0.40","0.36","0.08","0.09","1.92","2015"
"137","Angola","4.03","0.76","0.86","0.17","0.10","0.07","0.12","1.95","2015"
"138","Mali","4.00","0.26","1.04","0.21","0.39","0.12","0.19","1.79","2015"
"139","Congo (Brazzaville)","3.99","0.68","0.66","0.31","0.41","0.12","0.12","1.68","2015"
"140","Comoros","3.96","0.24","0.79","0.36","0.23","0.20","0.17","1.96","2015"
"141","Uganda","3.93","0.21","1.13","0.34","0.46","0.07","0.29","1.43","2015"
"142","Senegal","3.90","0.36","0.98","0.44","0.37","0.11","0.21","1.44","2015"
"143","Gabon","3.90","1.06","0.91","0.43","0.32","0.11","0.07","1.00","2015"
"144","Niger","3.85","0.07","0.77","0.30","0.48","0.16","0.19","1.88","2015"
"145","Cambodia","3.82","0.46","0.63","0.61","0.66","0.07","0.40","0.98","2015"
"146","Tanzania","3.78","0.29","1.00","0.38","0.33","0.06","0.34","1.38","2015"
"147","Madagascar","3.68","0.21","0.67","0.47","0.19","0.08","0.21","1.85","2015"
"148","Central African Republic","3.68","0.08","0.00","0.07","0.49","0.08","0.24","2.72","2015"
"149","Chad","3.67","0.34","0.76","0.15","0.24","0.05","0.18","1.94","2015"
"150","Guinea","3.66","0.17","0.46","0.24","0.38","0.12","0.29","1.99","2015"
"151","Ivory Coast","3.66","0.47","0.77","0.15","0.47","0.18","0.20","1.42","2015"
"152","Burkina Faso","3.59","0.26","0.85","0.27","0.39","0.13","0.22","1.46","2015"
"153","Afghanistan","3.58","0.32","0.30","0.30","0.23","0.10","0.37","1.95","2015"
"154","Rwanda","3.47","0.22","0.77","0.43","0.59","0.55","0.23","0.67","2015"
"155","Benin","3.34","0.29","0.35","0.32","0.48","0.08","0.18","1.63","2015"
"156","Syria","3.01","0.66","0.47","0.72","0.16","0.19","0.47","0.33","2015"
"157","Burundi","2.91","0.02","0.42","0.22","0.12","0.10","0.20","1.83","2015"
"158","Togo","2.84","0.21","0.14","0.28","0.36","0.11","0.17","1.57","2015"
"1","Denmark","7.53","1.44","1.16","0.80","0.58","0.44","0.36","2.74","2016"
"2","Switzerland","7.51","1.53","1.15","0.86","0.59","0.41","0.28","2.69","2016"
"3","Iceland","7.50","1.43","1.18","0.87","0.57","0.15","0.48","2.83","2016"
"4","Norway","7.50","1.58","1.13","0.80","0.60","0.36","0.38","2.66","2016"
"5","Finland","7.41","1.41","1.13","0.81","0.57","0.41","0.25","2.83","2016"
"6","Canada","7.40","1.44","1.10","0.83","0.57","0.31","0.45","2.70","2016"
"7","Netherlands","7.34","1.46","1.03","0.81","0.55","0.30","0.47","2.71","2016"
"8","New Zealand","7.33","1.36","1.17","0.83","0.58","0.42","0.49","2.48","2016"
"9","Australia","7.31","1.44","1.10","0.85","0.57","0.32","0.47","2.55","2016"
"10","Sweden","7.29","1.45","1.09","0.83","0.58","0.41","0.38","2.55","2016"
"11","Israel","7.27","1.34","1.00","0.85","0.36","0.09","0.32","3.31","2016"
"12","Austria","7.12","1.45","1.08","0.81","0.54","0.21","0.33","2.69","2016"
"13","United States","7.10","1.51","1.05","0.78","0.48","0.15","0.41","2.73","2016"
"14","Costa Rica","7.09","1.07","1.02","0.76","0.55","0.11","0.23","3.35","2016"
"15","Puerto Rico","7.04","1.36","1.08","0.78","0.47","0.12","0.22","3.01","2016"
"16","Germany","6.99","1.45","1.10","0.81","0.53","0.29","0.30","2.51","2016"
"17","Brazil","6.95","1.09","1.04","0.61","0.40","0.14","0.16","3.51","2016"
"18","Belgium","6.93","1.43","1.05","0.82","0.51","0.26","0.24","2.61","2016"
"19","Ireland","6.91","1.48","1.16","0.81","0.54","0.30","0.45","2.16","2016"
"20","Luxembourg","6.87","1.70","1.04","0.85","0.55","0.35","0.28","2.11","2016"
"21","Mexico","6.78","1.12","0.71","0.71","0.38","0.18","0.12","3.56","2016"
"22","Singapore","6.74","1.65","0.87","0.95","0.49","0.47","0.33","1.99","2016"
"23","United Kingdom","6.73","1.40","1.09","0.81","0.50","0.27","0.50","2.15","2016"
"24","Chile","6.71","1.22","0.91","0.82","0.38","0.11","0.32","2.96","2016"
"25","Panama","6.70","1.18","0.99","0.71","0.49","0.08","0.24","3.01","2016"
"26","Argentina","6.65","1.15","1.07","0.70","0.42","0.07","0.11","3.13","2016"
"27","Czech Republic","6.60","1.31","1.01","0.76","0.41","0.04","0.10","2.96","2016"
"28","United Arab Emirates","6.57","1.57","0.87","0.73","0.56","0.36","0.27","2.22","2016"
"29","Uruguay","6.55","1.18","1.03","0.72","0.54","0.21","0.18","2.67","2016"
"30","Malta","6.49","1.31","1.10","0.80","0.55","0.18","0.56","1.99","2016"
"31","Colombia","6.48","1.03","1.02","0.60","0.45","0.05","0.16","3.17","2016"
"32","France","6.48","1.39","1.01","0.84","0.47","0.18","0.12","2.47","2016"
"33","Thailand","6.47","1.09","1.04","0.65","0.50","0.03","0.59","2.58","2016"
"34","Saudi Arabia","6.38","1.49","0.85","0.59","0.38","0.30","0.15","2.61","2016"
"34","Taiwan","6.38","1.40","0.93","0.80","0.32","0.07","0.25","2.62","2016"
"36","Qatar","6.38","1.82","0.88","0.72","0.57","0.48","0.32","1.58","2016"
"37","Spain","6.36","1.34","1.13","0.88","0.38","0.06","0.18","2.40","2016"
"38","Algeria","6.36","1.05","0.83","0.62","0.21","0.16","0.07","3.41","2016"
"39","Guatemala","6.32","0.83","0.87","0.54","0.50","0.09","0.29","3.20","2016"
"40","Suriname","6.27","1.10","0.78","0.51","0.52","0.13","0.17","3.07","2016"
"41","Kuwait","6.24","1.62","0.88","0.64","0.43","0.24","0.16","2.28","2016"
"42","Bahrain","6.22","1.44","0.94","0.66","0.47","0.26","0.17","2.27","2016"
"43","Trinidad and Tobago","6.17","1.33","0.99","0.53","0.48","0.01","0.32","2.51","2016"
"44","Venezuela","6.08","1.13","1.03","0.62","0.20","0.08","0.04","2.97","2016"
"45","Slovakia","6.08","1.28","1.08","0.70","0.23","0.03","0.14","2.61","2016"
"46","El Salvador","6.07","0.87","0.81","0.60","0.37","0.11","0.09","3.22","2016"
"47","Malaysia","6.01","1.25","0.88","0.62","0.39","0.09","0.41","2.35","2016"
"48","Nicaragua","5.99","0.69","0.90","0.65","0.47","0.16","0.30","2.82","2016"
"49","Uzbekistan","5.99","0.74","1.17","0.50","0.61","0.28","0.34","2.35","2016"
"50","Italy","5.98","1.35","1.04","0.85","0.19","0.03","0.17","2.35","2016"
"51","Ecuador","5.98","0.97","0.86","0.69","0.40","0.18","0.10","2.77","2016"
"52","Belize","5.96","0.88","0.69","0.46","0.51","0.11","0.24","3.08","2016"
"53","Japan","5.92","1.38","1.06","0.91","0.47","0.19","0.10","1.81","2016"
"54","Kazakhstan","5.92","1.23","0.96","0.57","0.41","0.11","0.15","2.49","2016"
"55","Moldova","5.90","0.69","0.83","0.52","0.25","0.02","0.20","3.38","2016"
"56","Russia","5.86","1.23","1.05","0.59","0.33","0.04","0.03","2.59","2016"
"57","Poland","5.84","1.25","1.05","0.69","0.45","0.06","0.14","2.20","2016"
"57","South Korea","5.84","1.36","0.72","0.89","0.25","0.08","0.19","2.35","2016"
"59","Bolivia","5.82","0.79","0.84","0.47","0.51","0.08","0.22","2.92","2016"
"60","Lithuania","5.81","1.27","1.06","0.65","0.19","0.02","0.02","2.61","2016"
"61","Belarus","5.80","1.13","1.05","0.63","0.29","0.17","0.14","2.39","2016"
"62","North Cyprus","5.77","1.31","0.82","0.84","0.44","0.17","0.26","1.93","2016"
"63","Slovenia","5.77","1.30","1.06","0.79","0.53","0.04","0.26","1.80","2016"
"64","Peru","5.74","1.00","0.81","0.63","0.38","0.05","0.15","2.73","2016"
"65","Turkmenistan","5.66","1.08","1.04","0.44","0.37","0.28","0.23","2.21","2016"
"66","Mauritius","5.65","1.14","0.76","0.66","0.46","0.05","0.37","2.20","2016"
"67","Libya","5.62","1.07","0.95","0.52","0.41","0.10","0.17","2.39","2016"
"68","Latvia","5.56","1.22","0.95","0.64","0.28","0.09","0.17","2.21","2016"
"69","Cyprus","5.55","1.32","0.71","0.85","0.30","0.05","0.28","2.04","2016"
"70","Paraguay","5.54","0.89","1.11","0.58","0.46","0.07","0.25","2.16","2016"
"71","Romania","5.53","1.17","0.73","0.68","0.37","0.01","0.13","2.45","2016"
"72","Estonia","5.52","1.28","1.05","0.68","0.42","0.19","0.08","1.82","2016"
"73","Jamaica","5.51","0.89","0.96","0.59","0.44","0.04","0.22","2.36","2016"
"74","Croatia","5.49","1.19","0.61","0.71","0.24","0.04","0.18","2.52","2016"
"75","Hong Kong","5.46","1.51","0.87","0.95","0.48","0.32","0.40","0.93","2016"
"76","Somalia","5.44","0.00","0.34","0.11","0.57","0.31","0.27","3.84","2016"
"77","Kosovo","5.40","0.90","0.66","0.54","0.14","0.07","0.28","2.81","2016"
"78","Turkey","5.39","1.16","0.88","0.65","0.24","0.12","0.05","2.29","2016"
"79","Indonesia","5.31","0.95","0.88","0.49","0.39","0.00","0.57","2.03","2016"
"80","Jordan","5.30","1.00","0.86","0.61","0.36","0.13","0.14","2.20","2016"
"81","Azerbaijan","5.29","1.12","0.76","0.55","0.35","0.18","0.06","2.27","2016"
"82","Philippines","5.28","0.81","0.88","0.47","0.55","0.12","0.22","2.23","2016"
"83","China","5.25","1.03","0.79","0.74","0.44","0.03","0.05","2.17","2016"
"84","Bhutan","5.20","0.85","0.91","0.50","0.46","0.16","0.49","1.83","2016"
"85","Kyrgyzstan","5.19","0.56","0.95","0.55","0.40","0.05","0.38","2.28","2016"
"86","Serbia","5.18","1.03","0.81","0.65","0.16","0.04","0.21","2.28","2016"
"87","Bosnia and Herzegovina","5.16","0.93","0.64","0.71","0.10","0.00","0.30","2.48","2016"
"88","Montenegro","5.16","1.08","0.74","0.64","0.15","0.13","0.17","2.26","2016"
"89","Dominican Republic","5.16","1.03","0.99","0.58","0.52","0.12","0.21","1.70","2016"
"90","Morocco","5.15","0.84","0.39","0.59","0.26","0.08","0.04","2.95","2016"
"91","Hungary","5.15","1.24","0.93","0.68","0.20","0.04","0.10","1.95","2016"
"92","Pakistan","5.13","0.69","0.26","0.40","0.15","0.14","0.31","3.18","2016"
"93","Lebanon","5.13","1.12","0.64","0.76","0.26","0.03","0.24","2.07","2016"
"94","Portugal","5.12","1.28","0.94","0.79","0.45","0.02","0.12","1.53","2016"
"95","Macedonia","5.12","1.02","0.78","0.65","0.28","0.07","0.24","2.09","2016"
"96","Vietnam","5.06","0.74","0.79","0.66","0.56","0.12","0.25","1.94","2016"
"97","Somaliland Region","5.06","0.26","0.76","0.33","0.39","0.37","0.51","2.44","2016"
"98","Tunisia","5.05","0.98","0.43","0.60","0.24","0.08","0.04","2.68","2016"
"99","Greece","5.03","1.25","0.75","0.80","0.06","0.04","0.00","2.13","2016"
"100","Tajikistan","5.00","0.49","0.76","0.53","0.43","0.14","0.26","2.39","2016"
"101","Mongolia","4.91","0.99","1.09","0.55","0.36","0.03","0.35","1.54","2016"
"102","Laos","4.88","0.68","0.55","0.38","0.52","0.22","0.43","2.09","2016"
"103","Nigeria","4.88","0.75","0.64","0.05","0.28","0.03","0.23","2.89","2016"
"104","Honduras","4.87","0.69","0.76","0.58","0.27","0.07","0.20","2.30","2016"
"105","Iran","4.81","1.12","0.39","0.64","0.23","0.06","0.39","2.00","2016"
"106","Zambia","4.80","0.61","0.64","0.24","0.43","0.11","0.18","2.59","2016"
"107","Nepal","4.79","0.45","0.70","0.50","0.37","0.07","0.38","2.33","2016"
"108","Palestinian Territories","4.75","0.67","0.72","0.57","0.18","0.11","0.11","2.40","2016"
"109","Albania","4.66","0.96","0.50","0.73","0.32","0.05","0.17","1.93","2016"
"110","Bangladesh","4.64","0.54","0.25","0.53","0.40","0.13","0.19","2.61","2016"
"111","Sierra Leone","4.64","0.36","0.63","0.00","0.31","0.08","0.24","3.01","2016"
"112","Iraq","4.58","1.07","0.59","0.51","0.25","0.14","0.20","1.82","2016"
"113","Namibia","4.57","0.93","0.70","0.35","0.49","0.10","0.08","1.92","2016"
"114","Cameroon","4.51","0.52","0.63","0.13","0.43","0.06","0.23","2.52","2016"
"115","Ethiopia","4.51","0.29","0.38","0.35","0.37","0.17","0.30","2.66","2016"
"116","South Africa","4.46","1.02","0.96","0.19","0.42","0.08","0.14","1.64","2016"
"117","Sri Lanka","4.42","0.97","0.85","0.62","0.51","0.08","0.47","0.92","2016"
"118","India","4.40","0.74","0.29","0.45","0.40","0.09","0.25","2.18","2016"
"119","Myanmar","4.40","0.34","0.70","0.40","0.43","0.20","0.82","1.51","2016"
"120","Egypt","4.36","0.95","0.50","0.52","0.19","0.10","0.13","1.97","2016"
"121","Armenia","4.36","0.86","0.62","0.64","0.14","0.04","0.08","1.98","2016"
"122","Kenya","4.36","0.52","0.76","0.30","0.41","0.07","0.41","1.88","2016"
"123","Ukraine","4.32","0.87","1.01","0.59","0.13","0.02","0.20","1.50","2016"
"124","Ghana","4.28","0.63","0.49","0.30","0.41","0.03","0.21","2.20","2016"
"125","Congo (Kinshasa)","4.27","0.06","0.81","0.19","0.16","0.06","0.25","2.75","2016"
"126","Georgia","4.25","0.84","0.19","0.64","0.32","0.32","0.07","1.87","2016"
"127","Congo (Brazzaville)","4.24","0.77","0.48","0.28","0.38","0.10","0.12","2.11","2016"
"128","Senegal","4.22","0.44","0.77","0.40","0.31","0.12","0.19","1.98","2016"
"129","Bulgaria","4.22","1.11","0.93","0.68","0.21","0.01","0.13","1.15","2016"
"130","Mauritania","4.20","0.61","0.84","0.29","0.13","0.18","0.23","1.93","2016"
"131","Zimbabwe","4.19","0.35","0.71","0.16","0.25","0.09","0.19","2.44","2016"
"132","Malawi","4.16","0.09","0.15","0.29","0.41","0.08","0.31","2.83","2016"
"133","Sudan","4.14","0.63","0.82","0.30","0.00","0.10","0.18","2.11","2016"
"134","Gabon","4.12","1.16","0.72","0.35","0.28","0.09","0.06","1.45","2016"
"135","Mali","4.07","0.31","0.86","0.16","0.28","0.14","0.21","2.11","2016"
"136","Haiti","4.03","0.34","0.30","0.27","0.12","0.14","0.48","2.37","2016"
"137","Botswana","3.97","1.09","0.89","0.35","0.44","0.11","0.12","0.97","2016"
"138","Comoros","3.96","0.28","0.60","0.30","0.15","0.18","0.18","2.26","2016"
"139","Ivory Coast","3.92","0.56","0.58","0.04","0.41","0.16","0.20","1.97","2016"
"140","Cambodia","3.91","0.56","0.54","0.42","0.59","0.08","0.40","1.32","2016"
"141","Angola","3.87","0.85","0.66","0.05","0.01","0.08","0.12","2.09","2016"
"142","Niger","3.86","0.13","0.61","0.26","0.38","0.17","0.21","2.09","2016"
"143","South Sudan","3.83","0.39","0.19","0.16","0.20","0.13","0.26","2.51","2016"
"144","Chad","3.76","0.42","0.63","0.04","0.13","0.05","0.19","2.31","2016"
"145","Burkina Faso","3.74","0.32","0.63","0.21","0.33","0.13","0.24","1.87","2016"
"145","Uganda","3.74","0.35","0.91","0.20","0.44","0.06","0.27","1.51","2016"
"147","Yemen","3.72","0.58","0.47","0.31","0.23","0.06","0.10","1.97","2016"
"148","Madagascar","3.70","0.28","0.46","0.37","0.14","0.08","0.22","2.15","2016"
"149","Tanzania","3.67","0.47","0.78","0.36","0.32","0.05","0.31","1.38","2016"
"150","Liberia","3.62","0.11","0.50","0.23","0.26","0.05","0.24","2.23","2016"
"151","Guinea","3.61","0.22","0.31","0.19","0.31","0.12","0.30","2.16","2016"
"152","Rwanda","3.52","0.33","0.62","0.32","0.54","0.51","0.24","0.97","2016"
"153","Benin","3.48","0.39","0.10","0.21","0.40","0.07","0.20","2.11","2016"
"154","Afghanistan","3.36","0.38","0.11","0.17","0.16","0.07","0.31","2.15","2016"
"155","Togo","3.30","0.28","0.00","0.25","0.35","0.12","0.18","2.14","2016"
"156","Syria","3.07","0.75","0.15","0.63","0.07","0.17","0.48","0.82","2016"
"157","Burundi","2.91","0.07","0.23","0.16","0.04","0.09","0.20","2.10","2016"
"1","Norway","7.54","1.62","1.53","0.80","0.64","0.32","0.36","2.28","2017"
"2","Denmark","7.52","1.48","1.55","0.79","0.63","0.40","0.36","2.31","2017"
"3","Iceland","7.50","1.48","1.61","0.83","0.63","0.15","0.48","2.32","2017"
"4","Switzerland","7.49","1.56","1.52","0.86","0.62","0.37","0.29","2.28","2017"
"5","Finland","7.47","1.44","1.54","0.81","0.62","0.38","0.25","2.43","2017"
"6","Netherlands","7.38","1.50","1.43","0.81","0.59","0.28","0.47","2.29","2017"
"7","Canada","7.32","1.48","1.48","0.83","0.61","0.29","0.44","2.19","2017"
"8","New Zealand","7.31","1.41","1.55","0.82","0.61","0.38","0.50","2.05","2017"
"9","Sweden","7.28","1.49","1.48","0.83","0.61","0.38","0.39","2.10","2017"
"10","Australia","7.28","1.48","1.51","0.84","0.60","0.30","0.48","2.07","2017"
"11","Israel","7.21","1.38","1.38","0.84","0.41","0.09","0.33","2.80","2017"
"12","Costa Rica","7.08","1.11","1.42","0.76","0.58","0.10","0.21","2.90","2017"
"13","Austria","7.01","1.49","1.46","0.82","0.57","0.22","0.32","2.14","2017"
"14","United States","6.99","1.55","1.42","0.77","0.51","0.14","0.39","2.22","2017"
"15","Ireland","6.98","1.54","1.56","0.81","0.57","0.30","0.43","1.77","2017"
"16","Germany","6.95","1.49","1.47","0.80","0.56","0.28","0.34","2.02","2017"
"17","Belgium","6.89","1.46","1.46","0.82","0.54","0.25","0.23","2.12","2017"
"18","Luxembourg","6.86","1.74","1.46","0.85","0.60","0.32","0.28","1.62","2017"
"19","United Kingdom","6.71","1.44","1.50","0.81","0.51","0.27","0.49","1.70","2017"
"20","Chile","6.65","1.25","1.28","0.82","0.38","0.08","0.33","2.51","2017"
"21","United Arab Emirates","6.65","1.63","1.27","0.73","0.61","0.32","0.36","1.73","2017"
"22","Brazil","6.64","1.11","1.43","0.62","0.44","0.11","0.16","2.77","2017"
"23","Czech Republic","6.61","1.35","1.43","0.75","0.49","0.04","0.09","2.45","2017"
"24","Argentina","6.60","1.19","1.44","0.70","0.49","0.06","0.11","2.61","2017"
"25","Mexico","6.58","1.15","1.21","0.71","0.41","0.13","0.12","2.84","2017"
"26","Singapore","6.57","1.69","1.35","0.95","0.55","0.46","0.35","1.22","2017"
"27","Malta","6.53","1.34","1.49","0.82","0.59","0.15","0.57","1.56","2017"
"28","Uruguay","6.45","1.22","1.41","0.72","0.58","0.18","0.18","2.17","2017"
"29","Guatemala","6.45","0.87","1.26","0.54","0.53","0.08","0.28","2.89","2017"
"30","Panama","6.45","1.23","1.37","0.71","0.55","0.07","0.21","2.31","2017"
"31","France","6.44","1.43","1.39","0.84","0.47","0.17","0.13","2.01","2017"
"32","Thailand","6.42","1.13","1.43","0.65","0.58","0.03","0.57","2.04","2017"
"33","Taiwan Province of China","6.42","1.43","1.38","0.79","0.36","0.06","0.26","2.13","2017"
"34","Spain","6.40","1.38","1.53","0.89","0.41","0.07","0.19","1.93","2017"
"35","Qatar","6.38","1.87","1.27","0.71","0.60","0.44","0.33","1.15","2017"
"36","Colombia","6.36","1.07","1.40","0.60","0.48","0.05","0.15","2.62","2017"
"37","Saudi Arabia","6.34","1.53","1.29","0.59","0.45","0.27","0.15","2.07","2017"
"38","Trinidad and Tobago","6.17","1.36","1.38","0.52","0.52","0.01","0.33","2.05","2017"
"39","Kuwait","6.11","1.63","1.26","0.63","0.50","0.22","0.23","1.64","2017"
"40","Slovakia","6.10","1.33","1.51","0.71","0.30","0.02","0.14","2.10","2017"
"41","Bahrain","6.09","1.49","1.32","0.65","0.54","0.26","0.17","1.66","2017"
"42","Malaysia","6.08","1.29","1.28","0.62","0.40","0.07","0.42","2.00","2017"
"43","Nicaragua","6.07","0.74","1.29","0.65","0.45","0.13","0.30","2.51","2017"
"44","Ecuador","6.01","1.00","1.29","0.69","0.46","0.14","0.15","2.29","2017"
"45","El Salvador","6.00","0.91","1.18","0.60","0.43","0.09","0.08","2.71","2017"
"46","Poland","5.97","1.29","1.45","0.70","0.52","0.06","0.16","1.80","2017"
"47","Uzbekistan","5.97","0.79","1.55","0.50","0.66","0.25","0.42","1.82","2017"
"48","Italy","5.96","1.40","1.44","0.85","0.26","0.03","0.17","1.81","2017"
"49","Russia","5.96","1.28","1.47","0.55","0.37","0.03","0.05","2.21","2017"
"50","Belize","5.96","0.91","1.08","0.45","0.55","0.10","0.24","2.63","2017"
"51","Japan","5.92","1.42","1.44","0.91","0.51","0.16","0.12","1.36","2017"
"52","Lithuania","5.90","1.31","1.47","0.63","0.23","0.01","0.01","2.23","2017"
"53","Algeria","5.87","1.09","1.15","0.62","0.23","0.15","0.07","2.57","2017"
"54","Latvia","5.85","1.26","1.40","0.64","0.33","0.07","0.15","1.99","2017"
"55","South Korea","5.84","1.40","1.13","0.90","0.26","0.06","0.21","1.88","2017"
"56","Moldova","5.84","0.73","1.25","0.59","0.24","0.01","0.21","2.81","2017"
"57","Romania","5.82","1.22","1.15","0.69","0.46","0.00","0.13","2.18","2017"
"58","Bolivia","5.82","0.83","1.23","0.47","0.56","0.06","0.23","2.44","2017"
"59","Turkmenistan","5.82","1.13","1.49","0.44","0.42","0.26","0.25","1.83","2017"
"60","Kazakhstan","5.82","1.28","1.38","0.61","0.44","0.12","0.20","1.78","2017"
"61","North Cyprus","5.81","1.35","1.19","0.83","0.47","0.16","0.27","1.55","2017"
"62","Slovenia","5.76","1.34","1.45","0.79","0.57","0.05","0.24","1.31","2017"
"63","Peru","5.72","1.04","1.22","0.63","0.45","0.05","0.13","2.21","2017"
"64","Mauritius","5.63","1.19","1.21","0.64","0.49","0.04","0.36","1.70","2017"
"65","Cyprus","5.62","1.36","1.13","0.84","0.36","0.04","0.27","1.62","2017"
"66","Estonia","5.61","1.32","1.48","0.70","0.48","0.18","0.10","1.36","2017"
"67","Belarus","5.57","1.16","1.44","0.64","0.30","0.16","0.16","1.72","2017"
"68","Libya","5.53","1.10","1.36","0.52","0.47","0.09","0.15","1.84","2017"
"69","Turkey","5.50","1.20","1.34","0.64","0.30","0.10","0.05","1.88","2017"
"70","Paraguay","5.49","0.93","1.51","0.58","0.47","0.09","0.22","1.69","2017"
"71","Hong Kong S.A.R., China","5.47","1.55","1.26","0.94","0.49","0.29","0.37","0.55","2017"
"72","Philippines","5.43","0.86","1.25","0.47","0.59","0.10","0.19","1.97","2017"
"73","Serbia","5.39","1.07","1.26","0.65","0.21","0.04","0.22","1.95","2017"
"74","Jordan","5.34","0.99","1.24","0.60","0.42","0.12","0.17","1.79","2017"
"75","Hungary","5.32","1.29","1.34","0.69","0.18","0.04","0.08","1.72","2017"
"76","Jamaica","5.31","0.93","1.37","0.64","0.47","0.06","0.23","1.61","2017"
"77","Croatia","5.29","1.22","0.97","0.70","0.26","0.04","0.25","1.85","2017"
"78","Kosovo","5.28","0.95","1.14","0.54","0.26","0.06","0.32","2.01","2017"
"79","China","5.27","1.08","1.16","0.74","0.47","0.02","0.03","1.76","2017"
"80","Pakistan","5.27","0.73","0.67","0.40","0.24","0.12","0.32","2.79","2017"
"81","Indonesia","5.26","1.00","1.27","0.49","0.44","0.02","0.61","1.43","2017"
"82","Venezuela","5.25","1.13","1.43","0.62","0.15","0.06","0.07","1.79","2017"
"83","Montenegro","5.24","1.12","1.24","0.67","0.19","0.09","0.20","1.73","2017"
"84","Morocco","5.24","0.88","0.77","0.60","0.41","0.09","0.03","2.46","2017"
"85","Azerbaijan","5.23","1.15","1.15","0.54","0.40","0.18","0.05","1.76","2017"
"86","Dominican Republic","5.23","1.08","1.40","0.57","0.55","0.11","0.19","1.32","2017"
"87","Greece","5.23","1.29","1.24","0.81","0.10","0.04","0.00","1.75","2017"
"88","Lebanon","5.22","1.07","1.13","0.74","0.29","0.04","0.26","1.70","2017"
"89","Portugal","5.20","1.32","1.37","0.80","0.50","0.02","0.10","1.11","2017"
"90","Bosnia and Herzegovina","5.18","0.98","1.07","0.71","0.20","0.00","0.33","1.89","2017"
"91","Honduras","5.18","0.73","1.14","0.58","0.35","0.07","0.24","2.07","2017"
"92","Macedonia","5.18","1.06","1.21","0.64","0.33","0.06","0.25","1.62","2017"
"93","Somalia","5.15","0.02","0.72","0.11","0.60","0.28","0.29","3.12","2017"
"94","Vietnam","5.07","0.79","1.28","0.65","0.57","0.09","0.23","1.46","2017"
"95","Nigeria","5.07","0.78","1.22","0.06","0.39","0.03","0.23","2.37","2017"
"96","Tajikistan","5.04","0.52","1.27","0.53","0.47","0.15","0.25","1.85","2017"
"97","Bhutan","5.01","0.89","1.34","0.50","0.50","0.17","0.47","1.14","2017"
"98","Kyrgyzstan","5.00","0.60","1.39","0.55","0.45","0.04","0.43","1.54","2017"
"99","Nepal","4.96","0.48","1.18","0.50","0.44","0.07","0.39","1.89","2017"
"100","Mongolia","4.95","1.03","1.49","0.56","0.39","0.03","0.34","1.11","2017"
"101","South Africa","4.83","1.05","1.38","0.19","0.48","0.07","0.14","1.51","2017"
"102","Tunisia","4.80","1.01","0.87","0.61","0.29","0.09","0.05","1.89","2017"
"103","Palestinian Territories","4.78","0.72","1.16","0.57","0.25","0.09","0.11","1.88","2017"
"104","Egypt","4.74","0.99","1.00","0.52","0.28","0.11","0.13","1.70","2017"
"105","Bulgaria","4.71","1.16","1.43","0.71","0.29","0.01","0.11","1.00","2017"
"106","Sierra Leone","4.71","0.37","0.98","0.01","0.32","0.07","0.29","2.67","2017"
"107","Cameroon","4.70","0.56","0.95","0.13","0.43","0.05","0.24","2.33","2017"
"108","Iran","4.69","1.16","0.71","0.64","0.25","0.05","0.39","1.50","2017"
"109","Albania","4.64","1.00","0.80","0.73","0.38","0.04","0.20","1.49","2017"
"110","Bangladesh","4.61","0.59","0.74","0.53","0.48","0.12","0.17","1.98","2017"
"111","Namibia","4.57","0.96","1.10","0.34","0.52","0.09","0.08","1.48","2017"
"112","Kenya","4.55","0.56","1.07","0.31","0.45","0.06","0.44","1.65","2017"
"113","Mozambique","4.55","0.23","0.87","0.11","0.48","0.18","0.32","2.36","2017"
"114","Myanmar","4.55","0.37","1.12","0.40","0.51","0.19","0.84","1.12","2017"
"115","Senegal","4.53","0.48","1.18","0.41","0.38","0.12","0.18","1.79","2017"
"116","Zambia","4.51","0.64","1.00","0.26","0.46","0.08","0.25","1.83","2017"
"117","Iraq","4.50","1.10","0.98","0.50","0.29","0.11","0.20","1.32","2017"
"118","Gabon","4.47","1.20","1.16","0.36","0.31","0.08","0.04","1.32","2017"
"119","Ethiopia","4.46","0.34","0.86","0.35","0.41","0.17","0.31","2.02","2017"
"120","Sri Lanka","4.44","1.01","1.26","0.63","0.56","0.07","0.49","0.42","2017"
"121","Armenia","4.38","0.90","1.01","0.64","0.20","0.03","0.08","1.52","2017"
"122","India","4.32","0.79","0.75","0.46","0.47","0.09","0.23","1.52","2017"
"123","Mauritania","4.29","0.65","1.27","0.29","0.10","0.14","0.20","1.65","2017"
"124","Congo (Brazzaville)","4.29","0.81","0.83","0.29","0.44","0.08","0.12","1.72","2017"
"125","Georgia","4.29","0.95","0.57","0.65","0.31","0.25","0.05","1.50","2017"
"126","Congo (Kinshasa)","4.28","0.09","1.23","0.19","0.24","0.06","0.25","2.22","2017"
"127","Mali","4.19","0.48","1.28","0.17","0.31","0.10","0.18","1.67","2017"
"128","Ivory Coast","4.18","0.60","0.90","0.05","0.45","0.13","0.20","1.84","2017"
"129","Cambodia","4.17","0.60","1.01","0.43","0.63","0.07","0.39","1.04","2017"
"130","Sudan","4.14","0.66","1.21","0.29","0.01","0.09","0.18","1.69","2017"
"131","Ghana","4.12","0.67","0.87","0.30","0.42","0.03","0.26","1.58","2017"
"132","Ukraine","4.10","0.89","1.39","0.58","0.12","0.02","0.27","0.81","2017"
"133","Uganda","4.08","0.38","1.13","0.22","0.44","0.06","0.33","1.53","2017"
"134","Burkina Faso","4.03","0.35","1.04","0.22","0.32","0.12","0.25","1.73","2017"
"135","Niger","4.03","0.16","0.99","0.27","0.36","0.14","0.23","1.87","2017"
"136","Malawi","3.97","0.23","0.51","0.32","0.47","0.07","0.29","2.08","2017"
"137","Chad","3.94","0.44","0.95","0.04","0.16","0.05","0.22","2.07","2017"
"138","Zimbabwe","3.88","0.38","1.08","0.20","0.34","0.10","0.19","1.60","2017"
"139","Lesotho","3.81","0.52","1.19","0.00","0.39","0.12","0.16","1.43","2017"
"140","Angola","3.80","0.86","1.10","0.05","0.00","0.07","0.10","1.61","2017"
"141","Afghanistan","3.79","0.40","0.58","0.18","0.11","0.06","0.31","2.15","2017"
"142","Botswana","3.77","1.12","1.22","0.34","0.51","0.10","0.10","0.38","2017"
"143","Benin","3.66","0.43","0.44","0.21","0.43","0.06","0.21","1.89","2017"
"144","Madagascar","3.64","0.31","0.91","0.38","0.19","0.07","0.21","1.58","2017"
"145","Haiti","3.60","0.37","0.64","0.28","0.03","0.10","0.49","1.70","2017"
"146","Yemen","3.59","0.59","0.94","0.31","0.25","0.06","0.10","1.35","2017"
"147","South Sudan","3.59","0.40","0.60","0.16","0.15","0.12","0.29","1.88","2017"
"148","Liberia","3.53","0.12","0.87","0.23","0.33","0.04","0.27","1.67","2017"
"149","Guinea","3.51","0.24","0.79","0.19","0.35","0.11","0.26","1.55","2017"
"150","Togo","3.49","0.31","0.43","0.25","0.38","0.10","0.20","1.84","2017"
"151","Rwanda","3.47","0.37","0.95","0.33","0.58","0.46","0.25","0.54","2017"
"152","Syria","3.46","0.78","0.40","0.50","0.08","0.15","0.49","1.06","2017"
"153","Tanzania","3.35","0.51","1.04","0.36","0.39","0.07","0.35","0.62","2017"
"154","Burundi","2.90","0.09","0.63","0.15","0.06","0.08","0.20","1.68","2017"
"155","Central African Republic","2.69","0.00","0.00","0.02","0.27","0.06","0.28","2.07","2017"
"1","Finland","7.63","1.31","1.59","0.87","0.68","0.39","0.20","0.00","2018"
"2","Norway","7.59","1.46","1.58","0.86","0.69","0.34","0.29","0.00","2018"
"3","Denmark","7.56","1.35","1.59","0.87","0.68","0.41","0.28","0.00","2018"
"4","Iceland","7.50","1.34","1.64","0.91","0.68","0.14","0.35","0.00","2018"
"5","Switzerland","7.49","1.42","1.55","0.93","0.66","0.36","0.26","0.00","2018"
"6","Netherlands","7.44","1.36","1.49","0.88","0.64","0.30","0.33","0.00","2018"
"7","Canada","7.33","1.33","1.53","0.90","0.65","0.29","0.32","0.00","2018"
"8","New Zealand","7.32","1.27","1.60","0.88","0.67","0.39","0.37","0.00","2018"
"9","Sweden","7.31","1.36","1.50","0.91","0.66","0.38","0.29","0.00","2018"
"10","Australia","7.27","1.34","1.57","0.91","0.65","0.30","0.36","0.00","2018"
"11","United Kingdom","7.19","1.24","1.43","0.89","0.46","0.08","0.26","0.00","2018"
"12","Austria","7.14","1.34","1.50","0.89","0.62","0.22","0.24","0.00","2018"
"13","Costa Rica","7.07","1.01","1.46","0.82","0.63","0.10","0.14","0.00","2018"
"14","Ireland","6.98","1.45","1.58","0.88","0.61","0.31","0.31","0.00","2018"
"15","Germany","6.97","1.34","1.47","0.86","0.59","0.28","0.27","0.00","2018"
"16","Belgium","6.93","1.32","1.48","0.89","0.58","0.24","0.19","0.00","2018"
"17","Luxembourg","6.91","1.58","1.52","0.90","0.63","0.32","0.20","0.00","2018"
"18","United States","6.89","1.40","1.47","0.82","0.55","0.13","0.29","0.00","2018"
"19","Israel","6.81","1.30","1.56","0.88","0.53","0.27","0.35","0.00","2018"
"21","Czech Republic","6.71","1.23","1.49","0.85","0.54","0.03","0.06","0.00","2018"
"22","Malta","6.63","1.27","1.53","0.88","0.65","0.14","0.38","0.00","2018"
"23","France","6.49","1.29","1.47","0.91","0.52","0.18","0.10","0.00","2018"
"24","Mexico","6.49","1.04","1.25","0.76","0.48","0.10","0.07","0.00","2018"
"25","Chile","6.48","1.13","1.33","0.81","0.43","0.06","0.20","0.00","2018"
"26","Taiwan","6.44","1.37","1.44","0.86","0.42","0.08","0.15","0.00","2018"
"27","Panama","6.43","1.11","1.44","0.76","0.60","0.06","0.13","0.00","2018"
"28","Brazil","6.42","0.99","1.47","0.68","0.49","0.09","0.11","0.00","2018"
"29","Argentina","6.39","1.07","1.47","0.74","0.57","0.05","0.06","0.00","2018"
"30","Guatemala","6.38","0.78","1.27","0.61","0.60","0.07","0.18","0.00","2018"
"31","Uruguay","6.38","1.09","1.46","0.77","0.63","0.16","0.13","0.00","2018"
"32","Qatar","6.37","1.65","1.30","0.75","0.65","0.17","0.26","0.00","2018"
"33","Saudi Arabia","6.37","1.38","1.33","0.63","0.51","0.13","0.10","0.00","2018"
"34","Singapore","6.34","1.53","1.45","1.01","0.63","0.46","0.26","0.00","2018"
"35","Malaysia","6.32","1.16","1.26","0.67","0.36","0.06","0.31","0.00","2018"
"36","Spain","6.31","1.25","1.54","0.97","0.45","0.07","0.14","0.00","2018"
"37","Colombia","6.26","0.96","1.44","0.64","0.53","0.04","0.10","0.00","2018"
"38","Trinidad & Tobago","6.19","1.22","1.49","0.56","0.58","0.02","0.17","0.00","2018"
"39","Slovakia","6.17","1.21","1.54","0.78","0.35","0.01","0.12","0.00","2018"
"40","El Salvador","6.17","0.81","1.23","0.64","0.46","0.08","0.07","0.00","2018"
"41","Nicaragua","6.14","0.67","1.32","0.70","0.53","0.13","0.21","0.00","2018"
"42","Poland","6.12","1.18","1.45","0.78","0.55","0.06","0.11","0.00","2018"
"43","Bahrain","6.11","1.34","1.37","0.70","0.59","0.12","0.24","0.00","2018"
"44","Uzbekistan","6.10","0.72","1.58","0.61","0.72","0.26","0.33","0.00","2018"
"45","Kuwait","6.08","1.47","1.30","0.68","0.55","0.11","0.17","0.00","2018"
"46","Thailand","6.07","1.02","1.42","0.71","0.64","0.03","0.36","0.00","2018"
"47","Italy","6.00","1.26","1.50","0.95","0.28","0.03","0.14","0.00","2018"
"48","Ecuador","5.97","0.89","1.33","0.74","0.56","0.12","0.11","0.00","2018"
"49","Belize","5.96","0.81","1.10","0.47","0.59","0.09","0.18","0.00","2018"
"50","Lithuania","5.95","1.20","1.53","0.72","0.35","0.01","0.03","0.00","2018"
"51","Slovenia","5.95","1.22","1.51","0.86","0.63","0.05","0.16","0.00","2018"
"52","Romania","5.95","1.12","1.22","0.73","0.53","0.00","0.09","0.00","2018"
"53","Latvia","5.93","1.15","1.45","0.67","0.36","0.07","0.09","0.00","2018"
"54","Japan","5.92","1.29","1.46","0.99","0.55","0.15","0.08","0.00","2018"
"55","Mauritius","5.89","1.09","1.39","0.68","0.58","0.05","0.25","0.00","2018"
"56","Jamaica","5.89","0.82","1.49","0.69","0.58","0.03","0.10","0.00","2018"
"57","South Korea","5.88","1.27","1.20","0.96","0.24","0.05","0.18","0.00","2018"
"58","Northern Cyprus","5.84","1.23","1.21","0.91","0.50","0.15","0.18","0.00","2018"
"59","Russia","5.81","1.15","1.48","0.60","0.40","0.03","0.07","0.00","2018"
"60","Kazakhstan","5.79","1.14","1.52","0.63","0.45","0.12","0.15","0.00","2018"
"61","Cyprus","5.76","1.23","1.19","0.91","0.42","0.04","0.20","0.00","2018"
"62","Bolivia","5.75","0.75","1.22","0.51","0.61","0.05","0.14","0.00","2018"
"63","Estonia","5.74","1.20","1.53","0.74","0.55","0.17","0.09","0.00","2018"
"64","Paraguay","5.68","0.84","1.52","0.62","0.54","0.07","0.16","0.00","2018"
"65","Peru","5.66","0.93","1.25","0.67","0.53","0.03","0.09","0.00","2018"
"66","Kosovo","5.66","0.86","1.23","0.58","0.45","0.02","0.27","0.00","2018"
"67","Moldova","5.64","0.66","1.30","0.62","0.23","0.00","0.17","0.00","2018"
"68","Turkmenistan","5.64","1.02","1.53","0.52","0.42","0.04","0.20","0.00","2018"
"69","Hungary","5.62","1.17","1.40","0.73","0.26","0.02","0.06","0.00","2018"
"70","Libya","5.57","0.99","1.35","0.55","0.50","0.15","0.12","0.00","2018"
"71","Philippines","5.52","0.78","1.31","0.51","0.64","0.11","0.12","0.00","2018"
"72","Honduras","5.50","0.62","1.21","0.62","0.46","0.07","0.20","0.00","2018"
"73","Belarus","5.48","1.04","1.50","0.70","0.31","0.15","0.10","0.00","2018"
"74","Turkey","5.48","1.15","1.38","0.69","0.32","0.11","0.11","0.00","2018"
"75","Pakistan","5.47","0.65","0.81","0.42","0.33","0.11","0.22","0.00","2018"
"76","Hong Kong","5.43","1.41","1.29","1.03","0.52","0.29","0.25","0.00","2018"
"77","Portugal","5.41","1.19","1.43","0.88","0.56","0.02","0.06","0.00","2018"
"78","Serbia","5.40","0.98","1.37","0.69","0.29","0.04","0.13","0.00","2018"
"79","Greece","5.36","1.15","1.20","0.88","0.13","0.04","0.00","0.00","2018"
"80","Lebanon","5.36","0.97","1.18","0.79","0.50","0.14","0.21","0.00","2018"
"81","Montenegro","5.35","1.02","1.28","0.73","0.26","0.08","0.11","0.00","2018"
"82","Croatia","5.32","1.12","1.16","0.74","0.38","0.04","0.12","0.00","2018"
"83","Dominican Republic","5.30","0.98","1.44","0.61","0.58","0.11","0.12","0.00","2018"
"84","Algeria","5.30","0.98","1.15","0.69","0.08","0.14","0.06","0.00","2018"
"85","Morocco","5.25","0.78","0.80","0.67","0.46","0.07","0.03","0.00","2018"
"86","China","5.25","0.99","1.14","0.80","0.60","0.10","0.03","0.00","2018"
"87","Azerbaijan","5.20","1.02","1.16","0.60","0.43","0.18","0.03","0.00","2018"
"88","Tajikistan","5.20","0.47","1.17","0.60","0.29","0.03","0.19","0.00","2018"
"89","Macedonia","5.19","0.96","1.24","0.69","0.39","0.05","0.17","0.00","2018"
"90","Jordan","5.16","0.82","1.27","0.65","0.47","0.13","0.13","0.00","2018"
"91","Nigeria","5.16","0.69","1.17","0.05","0.46","0.03","0.20","0.00","2018"
"92","Kyrgyzstan","5.13","0.53","1.42","0.59","0.54","0.04","0.28","0.00","2018"
"93","Bosnia and Herzegovina","5.13","0.92","1.08","0.76","0.28","0.00","0.22","0.00","2018"
"94","Mongolia","5.13","0.91","1.52","0.58","0.40","0.03","0.25","0.00","2018"
"95","Vietnam","5.10","0.72","1.37","0.70","0.62","0.08","0.18","0.00","2018"
"96","Indonesia","5.09","0.90","1.22","0.52","0.54","0.02","0.48","0.00","2018"
"97","Bhutan","5.08","0.80","1.34","0.53","0.54","0.17","0.36","0.00","2018"
"98","Somalia","4.98","0.00","0.71","0.12","0.67","0.28","0.24","0.00","2018"
"99","Cameroon","4.98","0.54","0.89","0.18","0.45","0.04","0.18","0.00","2018"
"100","Bulgaria","4.93","1.05","1.52","0.71","0.36","0.01","0.06","0.00","2018"
"101","Nepal","4.88","0.43","1.23","0.54","0.53","0.08","0.30","0.00","2018"
"102","Venezuela","4.81","1.00","1.47","0.66","0.13","0.05","0.06","0.00","2018"
"103","Gabon","4.76","1.04","1.16","0.40","0.36","0.05","0.03","0.00","2018"
"104","Palestinian Territories","4.74","0.64","1.22","0.60","0.27","0.08","0.09","0.00","2018"
"105","South Africa","4.72","0.94","1.41","0.33","0.52","0.06","0.10","0.00","2018"
"106","Iran","4.71","1.06","0.77","0.69","0.46","0.13","0.28","0.00","2018"
"107","Ivory Coast","4.67","0.54","0.87","0.08","0.47","0.10","0.15","0.00","2018"
"108","Ghana","4.66","0.59","0.90","0.34","0.50","0.03","0.21","0.00","2018"
"109","Senegal","4.63","0.43","1.12","0.43","0.41","0.08","0.14","0.00","2018"
"110","Laos","4.62","0.72","1.03","0.44","0.63","0.17","0.23","0.00","2018"
"111","Tunisia","4.59","0.90","0.91","0.69","0.27","0.06","0.04","0.00","2018"
"112","Albania","4.59","0.92","0.82","0.79","0.42","0.03","0.15","0.00","2018"
"113","Sierra Leone","4.57","0.26","0.81","0.00","0.36","0.05","0.24","0.00","2018"
"114","Congo (Brazzaville)","4.56","0.68","0.81","0.34","0.51","0.08","0.09","0.00","2018"
"115","Bangladesh","4.50","0.53","0.85","0.58","0.58","0.14","0.15","0.00","2018"
"116","Sri Lanka","4.47","0.92","1.31","0.67","0.59","0.05","0.31","0.00","2018"
"117","Iraq","4.46","1.01","0.97","0.54","0.30","0.10","0.15","0.00","2018"
"118","Mali","4.45","0.37","1.23","0.15","0.37","0.06","0.14","0.00","2018"
"119","Namibia","4.44","0.87","1.28","0.37","0.52","0.06","0.05","0.00","2018"
"120","Cambodia","4.43","0.55","1.09","0.46","0.70","0.07","0.26","0.00","2018"
"121","Burkina Faso","4.42","0.31","1.10","0.25","0.31","0.13","0.18","0.00","2018"
"122","Egypt","4.42","0.89","1.03","0.55","0.31","0.11","0.09","0.00","2018"
"123","Mozambique","4.42","0.20","0.90","0.17","0.53","0.16","0.21","0.00","2018"
"124","Kenya","4.41","0.49","1.05","0.45","0.50","0.06","0.35","0.00","2018"
"125","Zambia","4.38","0.56","1.05","0.30","0.50","0.08","0.22","0.00","2018"
"126","Mauritania","4.36","0.56","1.25","0.29","0.13","0.09","0.13","0.00","2018"
"127","Ethiopia","4.35","0.31","0.95","0.39","0.45","0.15","0.22","0.00","2018"
"128","Georgia","4.34","0.85","0.59","0.64","0.38","0.22","0.04","0.00","2018"
"129","Armenia","4.32","0.82","0.99","0.67","0.26","0.03","0.08","0.00","2018"
"130","Myanmar","4.31","0.68","1.17","0.43","0.58","0.18","0.60","0.00","2018"
"131","Chad","4.30","0.36","0.91","0.05","0.19","0.06","0.18","0.00","2018"
"132","Congo (Kinshasa)","4.25","0.07","1.14","0.20","0.31","0.05","0.20","0.00","2018"
"133","India","4.19","0.72","0.75","0.49","0.54","0.09","0.17","0.00","2018"
"134","Niger","4.17","0.13","0.87","0.22","0.39","0.10","0.18","0.00","2018"
"135","Uganda","4.16","0.32","1.09","0.24","0.45","0.06","0.26","0.00","2018"
"136","Benin","4.14","0.38","0.37","0.24","0.44","0.07","0.16","0.00","2018"
"137","Sudan","4.14","0.61","1.24","0.31","0.02","0.08","0.13","0.00","2018"
"138","Ukraine","4.10","0.79","1.41","0.61","0.16","0.01","0.19","0.00","2018"
"139","Togo","4.00","0.26","0.47","0.25","0.43","0.10","0.16","0.00","2018"
"140","Guinea","3.96","0.34","0.79","0.21","0.39","0.09","0.19","0.00","2018"
"141","Lesotho","3.81","0.47","1.22","0.08","0.42","0.11","0.12","0.00","2018"
"142","Angola","3.80","0.73","1.13","0.27","0.00","0.06","0.08","0.00","2018"
"143","Madagascar","3.77","0.26","0.91","0.40","0.22","0.05","0.16","0.00","2018"
"144","Zimbabwe","3.69","0.36","1.09","0.25","0.41","0.10","0.13","0.00","2018"
"145","Afghanistan","3.63","0.33","0.54","0.26","0.09","0.04","0.19","0.00","2018"
"146","Botswana","3.59","1.02","1.17","0.42","0.56","0.09","0.04","0.00","2018"
"147","Malawi","3.59","0.19","0.54","0.31","0.53","0.08","0.21","0.00","2018"
"148","Haiti","3.58","0.32","0.71","0.29","0.03","0.10","0.39","0.00","2018"
"149","Liberia","3.50","0.08","0.86","0.27","0.42","0.03","0.21","0.00","2018"
"150","Syria","3.46","0.69","0.38","0.54","0.09","0.14","0.38","0.00","2018"
"151","Rwanda","3.41","0.33","0.90","0.40","0.64","0.44","0.20","0.00","2018"
"152","Yemen","3.36","0.44","1.07","0.34","0.24","0.06","0.08","0.00","2018"
"153","Tanzania","3.30","0.46","0.99","0.38","0.48","0.10","0.27","0.00","2018"
"154","South Sudan","3.25","0.34","0.61","0.18","0.11","0.11","0.22","0.00","2018"
"155","Central African Republic","3.08","0.02","0.00","0.01","0.31","0.04","0.22","0.00","2018"
"156","Burundi","2.91","0.09","0.63","0.15","0.07","0.08","0.15","0.00","2018"
"1","Finland","7.77","1.34","1.59","0.99","0.60","0.39","0.15","0.00","2019"
"2","Denmark","7.60","1.38","1.57","1.00","0.59","0.41","0.25","0.00","2019"
"3","Norway","7.55","1.49","1.58","1.03","0.60","0.34","0.27","0.00","2019"
"4","Iceland","7.49","1.38","1.62","1.03","0.59","0.12","0.35","0.00","2019"
"5","Netherlands","7.49","1.40","1.52","1.00","0.56","0.30","0.32","0.00","2019"
"6","Switzerland","7.48","1.45","1.53","1.05","0.57","0.34","0.26","0.00","2019"
"7","Sweden","7.34","1.39","1.49","1.01","0.57","0.37","0.27","0.00","2019"
"8","New Zealand","7.31","1.30","1.56","1.03","0.59","0.38","0.33","0.00","2019"
"9","Canada","7.28","1.37","1.51","1.04","0.58","0.31","0.29","0.00","2019"
"10","Austria","7.25","1.38","1.48","1.02","0.53","0.23","0.24","0.00","2019"
"11","Australia","7.23","1.37","1.55","1.04","0.56","0.29","0.33","0.00","2019"
"12","Costa Rica","7.17","1.03","1.44","0.96","0.56","0.09","0.14","0.00","2019"
"13","Israel","7.14","1.28","1.46","1.03","0.37","0.08","0.26","0.00","2019"
"14","Luxembourg","7.09","1.61","1.48","1.01","0.53","0.32","0.19","0.00","2019"
"15","United Kingdom","7.05","1.33","1.54","1.00","0.45","0.28","0.35","0.00","2019"
"16","Ireland","7.02","1.50","1.55","1.00","0.52","0.31","0.30","0.00","2019"
"17","Germany","6.99","1.37","1.45","0.99","0.50","0.27","0.26","0.00","2019"
"18","Belgium","6.92","1.36","1.50","0.99","0.47","0.21","0.16","0.00","2019"
"19","United States","6.89","1.43","1.46","0.87","0.45","0.13","0.28","0.00","2019"
"20","Czech Republic","6.85","1.27","1.49","0.92","0.46","0.04","0.05","0.00","2019"
"21","United Arab Emirates","6.83","1.50","1.31","0.83","0.60","0.18","0.26","0.00","2019"
"22","Malta","6.73","1.30","1.52","1.00","0.56","0.15","0.38","0.00","2019"
"23","Mexico","6.60","1.07","1.32","0.86","0.43","0.07","0.07","0.00","2019"
"24","France","6.59","1.32","1.47","1.05","0.44","0.18","0.11","0.00","2019"
"25","Taiwan","6.45","1.37","1.43","0.91","0.35","0.10","0.24","0.00","2019"
"26","Chile","6.44","1.16","1.37","0.92","0.36","0.06","0.19","0.00","2019"
"27","Guatemala","6.44","0.80","1.27","0.75","0.54","0.08","0.18","0.00","2019"
"28","Saudi Arabia","6.38","1.40","1.36","0.80","0.44","0.13","0.08","0.00","2019"
"29","Qatar","6.37","1.68","1.31","0.87","0.56","0.17","0.22","0.00","2019"
"30","Spain","6.35","1.29","1.48","1.06","0.36","0.08","0.15","0.00","2019"
"31","Panama","6.32","1.15","1.44","0.91","0.52","0.05","0.11","0.00","2019"
"32","Brazil","6.30","1.00","1.44","0.80","0.39","0.09","0.10","0.00","2019"
"33","Uruguay","6.29","1.12","1.47","0.89","0.52","0.15","0.13","0.00","2019"
"34","Singapore","6.26","1.57","1.46","1.14","0.56","0.45","0.27","0.00","2019"
"35","El Salvador","6.25","0.79","1.24","0.79","0.43","0.07","0.09","0.00","2019"
"36","Italy","6.22","1.29","1.49","1.04","0.23","0.03","0.16","0.00","2019"
"37","Bahrain","6.20","1.36","1.37","0.87","0.54","0.11","0.26","0.00","2019"
"38","Slovakia","6.20","1.25","1.50","0.88","0.33","0.01","0.12","0.00","2019"
"39","Trinidad & Tobago","6.19","1.23","1.48","0.71","0.49","0.02","0.19","0.00","2019"
"40","Poland","6.18","1.21","1.44","0.88","0.48","0.05","0.12","0.00","2019"
"41","Uzbekistan","6.17","0.75","1.53","0.76","0.63","0.24","0.32","0.00","2019"
"42","Lithuania","6.15","1.24","1.52","0.82","0.29","0.04","0.04","0.00","2019"
"43","Colombia","6.13","0.99","1.41","0.84","0.47","0.03","0.10","0.00","2019"
"44","Slovenia","6.12","1.26","1.52","0.95","0.56","0.06","0.14","0.00","2019"
"45","Nicaragua","6.11","0.69","1.33","0.84","0.44","0.13","0.20","0.00","2019"
"46","Kosovo","6.10","0.88","1.23","0.76","0.49","0.01","0.26","0.00","2019"
"47","Argentina","6.09","1.09","1.43","0.88","0.47","0.05","0.07","0.00","2019"
"48","Romania","6.07","1.16","1.23","0.83","0.46","0.01","0.08","0.00","2019"
"49","Cyprus","6.05","1.26","1.22","1.04","0.41","0.04","0.19","0.00","2019"
"50","Ecuador","6.03","0.91","1.31","0.87","0.50","0.09","0.13","0.00","2019"
"51","Kuwait","6.02","1.50","1.32","0.81","0.49","0.10","0.14","0.00","2019"
"52","Thailand","6.01","1.05","1.41","0.83","0.56","0.03","0.36","0.00","2019"
"53","Latvia","5.94","1.19","1.47","0.81","0.26","0.06","0.08","0.00","2019"
"54","South Korea","5.90","1.30","1.22","1.04","0.16","0.06","0.18","0.00","2019"
"55","Estonia","5.89","1.24","1.53","0.87","0.50","0.16","0.10","0.00","2019"
"56","Jamaica","5.89","0.83","1.48","0.83","0.49","0.03","0.11","0.00","2019"
"57","Mauritius","5.89","1.12","1.40","0.80","0.50","0.06","0.22","0.00","2019"
"58","Japan","5.89","1.33","1.42","1.09","0.45","0.14","0.07","0.00","2019"
"59","Honduras","5.86","0.64","1.24","0.83","0.51","0.08","0.25","0.00","2019"
"60","Kazakhstan","5.81","1.17","1.51","0.73","0.41","0.10","0.15","0.00","2019"
"61","Bolivia","5.78","0.78","1.21","0.71","0.51","0.06","0.14","0.00","2019"
"62","Hungary","5.76","1.20","1.41","0.83","0.20","0.02","0.08","0.00","2019"
"63","Paraguay","5.74","0.86","1.48","0.78","0.51","0.08","0.18","0.00","2019"
"64","Northern Cyprus","5.72","1.26","1.25","1.04","0.42","0.16","0.19","0.00","2019"
"65","Peru","5.70","0.96","1.27","0.85","0.46","0.03","0.08","0.00","2019"
"66","Portugal","5.69","1.22","1.43","1.00","0.51","0.03","0.05","0.00","2019"
"67","Pakistan","5.65","0.68","0.89","0.54","0.31","0.10","0.22","0.00","2019"
"68","Russia","5.65","1.18","1.45","0.73","0.33","0.03","0.08","0.00","2019"
"69","Philippines","5.63","0.81","1.29","0.66","0.56","0.11","0.12","0.00","2019"
"70","Serbia","5.60","1.00","1.38","0.85","0.28","0.04","0.14","0.00","2019"
"71","Moldova","5.53","0.69","1.33","0.74","0.25","0.00","0.18","0.00","2019"
"72","Libya","5.53","1.04","1.30","0.67","0.42","0.15","0.13","0.00","2019"
"73","Montenegro","5.52","1.05","1.36","0.87","0.20","0.08","0.14","0.00","2019"
"74","Tajikistan","5.47","0.49","1.10","0.72","0.39","0.14","0.23","0.00","2019"
"75","Croatia","5.43","1.16","1.27","0.91","0.30","0.02","0.12","0.00","2019"
"76","Hong Kong","5.43","1.44","1.28","1.12","0.44","0.29","0.26","0.00","2019"
"77","Dominican Republic","5.43","1.02","1.40","0.78","0.50","0.10","0.11","0.00","2019"
"78","Bosnia and Herzegovina","5.39","0.95","1.21","0.85","0.21","0.01","0.26","0.00","2019"
"79","Turkey","5.37","1.18","1.36","0.81","0.20","0.11","0.08","0.00","2019"
"80","Malaysia","5.34","1.22","1.17","0.83","0.51","0.02","0.26","0.00","2019"
"81","Belarus","5.32","1.07","1.47","0.79","0.24","0.14","0.09","0.00","2019"
"82","Greece","5.29","1.18","1.16","1.00","0.07","0.03","0.00","0.00","2019"
"83","Mongolia","5.29","0.95","1.53","0.67","0.32","0.04","0.24","0.00","2019"
"84","North Macedonia","5.27","0.98","1.29","0.84","0.35","0.03","0.19","0.00","2019"
"85","Nigeria","5.27","0.70","1.11","0.25","0.43","0.04","0.22","0.00","2019"
"86","Kyrgyzstan","5.26","0.55","1.44","0.72","0.51","0.02","0.30","0.00","2019"
"87","Turkmenistan","5.25","1.05","1.54","0.66","0.39","0.03","0.24","0.00","2019"
"88","Algeria","5.21","1.00","1.16","0.79","0.09","0.11","0.07","0.00","2019"
"89","Morocco","5.21","0.80","0.78","0.78","0.42","0.08","0.04","0.00","2019"
"90","Azerbaijan","5.21","1.04","1.15","0.77","0.35","0.18","0.04","0.00","2019"
"91","Lebanon","5.20","0.99","1.22","0.82","0.22","0.03","0.17","0.00","2019"
"92","Indonesia","5.19","0.93","1.20","0.66","0.49","0.03","0.50","0.00","2019"
"93","China","5.19","1.03","1.13","0.89","0.52","0.10","0.06","0.00","2019"
"94","Vietnam","5.18","0.74","1.35","0.85","0.54","0.07","0.15","0.00","2019"
"95","Bhutan","5.08","0.81","1.32","0.60","0.46","0.17","0.37","0.00","2019"
"96","Cameroon","5.04","0.55","0.91","0.33","0.38","0.04","0.19","0.00","2019"
"97","Bulgaria","5.01","1.09","1.51","0.82","0.31","0.00","0.08","0.00","2019"
"98","Ghana","5.00","0.61","0.87","0.49","0.38","0.04","0.25","0.00","2019"
"99","Ivory Coast","4.94","0.57","0.81","0.23","0.35","0.09","0.15","0.00","2019"
"100","Nepal","4.91","0.45","1.23","0.68","0.44","0.09","0.29","0.00","2019"
"101","Jordan","4.91","0.84","1.23","0.82","0.38","0.13","0.11","0.00","2019"
"102","Benin","4.88","0.39","0.44","0.40","0.35","0.08","0.18","0.00","2019"
"103","Congo (Brazzaville)","4.81","0.67","0.80","0.51","0.37","0.09","0.11","0.00","2019"
"104","Gabon","4.80","1.06","1.18","0.57","0.30","0.06","0.04","0.00","2019"
"105","Laos","4.80","0.76","1.03","0.55","0.55","0.16","0.27","0.00","2019"
"106","South Africa","4.72","0.96","1.35","0.47","0.39","0.06","0.13","0.00","2019"
"107","Albania","4.72","0.95","0.85","0.87","0.38","0.03","0.18","0.00","2019"
"108","Venezuela","4.71","0.96","1.43","0.81","0.15","0.05","0.06","0.00","2019"
"109","Cambodia","4.70","0.57","1.12","0.64","0.61","0.06","0.23","0.00","2019"
"110","Palestinian Territories","4.70","0.66","1.25","0.67","0.23","0.07","0.10","0.00","2019"
"111","Senegal","4.68","0.45","1.13","0.57","0.29","0.07","0.15","0.00","2019"
"112","Somalia","4.67","0.00","0.70","0.27","0.56","0.27","0.24","0.00","2019"
"113","Namibia","4.64","0.88","1.31","0.48","0.40","0.06","0.07","0.00","2019"
"114","Niger","4.63","0.14","0.77","0.37","0.32","0.10","0.19","0.00","2019"
"115","Burkina Faso","4.59","0.33","1.06","0.38","0.26","0.11","0.18","0.00","2019"
"116","Armenia","4.56","0.85","1.06","0.82","0.28","0.06","0.10","0.00","2019"
"117","Iran","4.55","1.10","0.84","0.79","0.31","0.13","0.27","0.00","2019"
"118","Guinea","4.53","0.38","0.83","0.38","0.33","0.09","0.21","0.00","2019"
"119","Georgia","4.52","0.89","0.67","0.75","0.35","0.16","0.04","0.00","2019"
"120","Gambia","4.52","0.31","0.94","0.43","0.38","0.17","0.27","0.00","2019"
"121","Kenya","4.51","0.51","0.98","0.58","0.43","0.05","0.37","0.00","2019"
"122","Mauritania","4.49","0.57","1.17","0.49","0.07","0.09","0.11","0.00","2019"
"123","Mozambique","4.47","0.20","0.99","0.39","0.49","0.14","0.20","0.00","2019"
"124","Tunisia","4.46","0.92","1.00","0.82","0.17","0.06","0.06","0.00","2019"
"125","Bangladesh","4.46","0.56","0.93","0.72","0.53","0.14","0.17","0.00","2019"
"126","Iraq","4.44","1.04","0.98","0.57","0.24","0.09","0.15","0.00","2019"
"127","Congo (Kinshasa)","4.42","0.09","1.13","0.36","0.27","0.05","0.21","0.00","2019"
"128","Mali","4.39","0.39","1.11","0.31","0.33","0.05","0.15","0.00","2019"
"129","Sierra Leone","4.37","0.27","0.84","0.24","0.31","0.05","0.25","0.00","2019"
"130","Sri Lanka","4.37","0.95","1.27","0.83","0.47","0.05","0.24","0.00","2019"
"131","Myanmar","4.36","0.71","1.18","0.56","0.53","0.17","0.57","0.00","2019"
"132","Chad","4.35","0.35","0.77","0.19","0.17","0.08","0.20","0.00","2019"
"133","Ukraine","4.33","0.82","1.39","0.74","0.18","0.01","0.19","0.00","2019"
"134","Ethiopia","4.29","0.34","1.03","0.53","0.34","0.10","0.21","0.00","2019"
"135","Swaziland","4.21","0.81","1.15","0.00","0.31","0.14","0.07","0.00","2019"
"136","Uganda","4.19","0.33","1.07","0.44","0.36","0.06","0.25","0.00","2019"
"137","Egypt","4.17","0.91","1.04","0.64","0.24","0.07","0.08","0.00","2019"
"138","Zambia","4.11","0.58","1.06","0.43","0.43","0.09","0.25","0.00","2019"
"139","Togo","4.09","0.28","0.57","0.41","0.29","0.09","0.18","0.00","2019"
"140","India","4.02","0.76","0.77","0.59","0.50","0.09","0.20","0.00","2019"
"141","Liberia","3.98","0.07","0.92","0.44","0.37","0.03","0.23","0.00","2019"
"142","Comoros","3.97","0.27","0.76","0.51","0.14","0.08","0.28","0.00","2019"
"143","Madagascar","3.93","0.27","0.92","0.56","0.15","0.04","0.17","0.00","2019"
"144","Lesotho","3.80","0.49","1.17","0.17","0.36","0.09","0.11","0.00","2019"
"145","Burundi","3.78","0.05","0.45","0.38","0.22","0.18","0.18","0.00","2019"
"146","Zimbabwe","3.66","0.37","1.11","0.43","0.36","0.09","0.15","0.00","2019"
"147","Haiti","3.60","0.32","0.69","0.45","0.03","0.11","0.42","0.00","2019"
"148","Botswana","3.49","1.04","1.15","0.54","0.46","0.10","0.03","0.00","2019"
"149","Syria","3.46","0.62","0.38","0.44","0.01","0.14","0.33","0.00","2019"
"150","Malawi","3.41","0.19","0.56","0.50","0.44","0.09","0.22","0.00","2019"
"151","Yemen","3.38","0.29","1.16","0.46","0.14","0.08","0.11","0.00","2019"
"152","Rwanda","3.33","0.36","0.71","0.61","0.56","0.41","0.22","0.00","2019"
"153","Tanzania","3.23","0.48","0.89","0.50","0.42","0.15","0.28","0.00","2019"
"154","Afghanistan","3.20","0.35","0.52","0.36","0.00","0.03","0.16","0.00","2019"
"155","Central African Republic","3.08","0.03","0.00","0.11","0.23","0.04","0.24","0.00","2019"
"156","South Sudan","2.85","0.31","0.58","0.30","0.01","0.09","0.20","0.00","2019"
